j,r,n_poisson,n_fgss,power_poisson,power_fgss,diff_poisson_minus_fgss,diff_lo,diff_hi,excludes_zero,verdict
2,1.5,167,169,0.15568862275449102,0.27218934911242604,-0.11650072635793501,-0.20225226394974227,-0.028715879373696074,True,fgss significantly higher
2,2.0,184,139,0.31521739130434784,0.2733812949640288,0.04183609634031904,-0.05940815552131094,0.1391414931005004,False,no significant difference (CI includes 0)
2,3.0,159,151,0.46540880503144655,0.3576158940397351,0.10779291099171145,-0.001768873171637514,0.21355679539284586,False,no significant difference (CI includes 0)
3,1.5,122,113,0.13934426229508196,0.23008849557522124,-0.09074423328013928,-0.1902151928950474,0.008631664461915808,False,no significant difference (CI includes 0)
3,2.0,83,118,0.26506024096385544,0.2457627118644068,0.01929752909944865,-0.0994317808206533,0.1438573640095525,False,no significant difference (CI includes 0)
3,3.0,118,126,0.5932203389830508,0.4523809523809524,0.14083938660209844,0.015487991242671056,0.26002173142025736,True,poisson_mdss significantly higher
